,Disaccharide,Tetrasaccharide,Trisaccharide,valine-d8
AB08_Heart_001,227728.8426,2626877.1749999998,381993.0331,734774283.60000002
AB08_Heart_002,952719.39670000004,16328033.109999999,6719076.7139999997,821536162.60000002
AB08_Heart_003,282853.33250000002,10163600.789999999,2638638.6310000001,762040077.89999998
AB08_Heart_004,589785.99329999997,8781925.5529999994,3611880.2310000001,817638420.79999995
AB08_Heart_005,9063985.4949999992,47158157.399999999,41202058.039999999,818052806.20000005
AB08_Heart_006,6398353.0039999997,33518380.41,31723276.25,770580099.89999998
AB08_Heart_007,5619826.034,14045759.65,18691495.960000001,810685646.20000005
AB08_Heart_008,4350095.4069999997,25383000.329999998,24127289.16,790923782.89999998
AB08_Heart_009,8343591.0769999996,5669924.5439999998,14787458.720000001,816872784.10000002
AB08_Heart_010,6830730.3760000002,4901347.1239999998,10644420.41,742071694.29999995
AB08_Heart_011,29016190.440000001,41232980.259999998,69301269.739999995,734351532.60000002
AB08_Heart_012,40788472.200000003,96054445.849999994,110649571.8,782277896.70000005
AB08_Heart_013,11106794.529999999,6813794.6869999999,12564156.35,752559808.60000002
AB08_Heart_014,11002585.84,5880108.0769999996,9131823.2829999998,754968921
AB08_Heart_015,11446393.08,5464102.1220000004,11299574.65,760539843.20000005
AB08_Heart_016,5991704.949,9976596.7200000007,13964756.880000001,728356617.29999995
AB08_Liver_017,1820237.176,6015287.449,3339758.3700000001,930885070.20000005
AB08_Liver_018,471815.1262,23115277.710000001,8478566.6349999998,865366404.5
AB08_Liver_019,1274979.041,23498348.800000001,11696281.060000001,738036944.20000005
AB08_Liver_020,1983429.4990000001,27738665.010000002,12188922.9,777808219.70000005
AB08_Liver_021,29707801.359999999,83475460.25,86459261.629999995,793044587.89999998
AB08_Liver_022,36432428.630000003,122741544.90000001,112354900,763705470.10000002
AB08_Liver_023,57419783.280000001,145106672.69999999,166488809,733458473.5
AB08_Liver_024,38345210.509999998,121651118,122313372.40000001,752891415.39999998
AB08_Liver_025,124214123.5,261415140.90000001,365854665.19999999,769385678.79999995
AB08_Liver_026,68805070.120000005,62908178.259999998,123161705.8,767030112.60000002
AB08_Liver_027,111503028,350382310.39999998,367824947.10000002,705816972.70000005
AB08_Liver_028,99105255.989999995,434152835,410763296.19999999,724287708.89999998
AB08_Liver_029,104126119.90000001,43659875.689999998,132637567,761801733.39999998
AB08_Liver_030,18367893.57,24889211.190000001,18831437.079999998,704039452.70000005
AB08_Liver_031,47010058.289999999,35449372.960000001,53309172.909999996,719823329.60000002
AB08_Liver_032,88326589.519999996,52021124.020000003,128578372.40000001,708915888
AB01_001,1477288.686,1325211.9669999999,1609518.298,627815868
AB01_002,2587740.0159999998,3587808.5529999998,5325953.7060000002,703666837.5
AB01_003,4494054.7529999996,6410559.9890000001,8352181.466,679891075.39999998
AB01_004,18674263.98,3767809.949,8261930.3059999999,709586152.70000005
AB01_005,2533916.5830000001,1102558.8430000001,2001871.595,695864974.29999995
AB01_006,3428401.4780000001,3481510.3620000002,4906986.9009999996,642446888.89999998
AB01_007,6248389.0710000005,6630226.8109999998,8040773.483,660862415.5
AB01_008,19898571.82,21622906.32,24719218.329999998,667087235.60000002
AB01_009,109303590,81920395.579999998,133758128.2,641915597.39999998
AB01_010,237928083,189568110.5,331572068.30000001,657653179.29999995
AB01_011,452326.3161,510947.50689999998,871135.33829999994,687159299.79999995
AB01_012,314198.24599999998,260646.24960000001,215211.85579999999,692812155.29999995
AB01_013,495325.22100000002,238299.3664,397510.10950000002,687519736.70000005
AB01_014,483118.7855,196086.9191,171574.16800000001,699161811.60000002
AB01_015,976088.70090000005,895531.83730000001,1617010.5009999999,670621058.39999998
AB01_016,2028341.3929999999,0,14740056.42,851817706.39999998
AB01_017,1581327.601,0,13660872.880000001,653358712.70000005
AB01_018,1983589.0390000001,3209699.2409999999,13034300.51,661015318.29999995
AB01_019,1187245.952,0,11649908.35,626669499.5
AB01_020,1632989.25,2140557.2280000001,12003224.07,624801185.20000005
AB01_021,1565884.6359999999,1513725.0549999999,1907065.2150000001,636187178.5
AB01_022,29694596.460000001,32485632.920000002,31613488.379999999,654841171.29999995
AB01_023,6169043.6780000003,10998560.18,9626756.8719999995,637066760.60000002
AB01_024,17646913.969999999,39498955.280000001,30493897.440000001,656462161.20000005
AB01_025,4286606.0719999997,4057543.125,6167239.5539999995,676522060
AB01_026,3710274.747,3899834.6740000001,5029533.7139999997,659303338.10000002
AB01_027,3717349.0819999999,2621397.6009999998,4498672.1579999998,668638579.29999995
AB01_028,6082495.3700000001,4797324.0590000004,6938447.6610000003,657816944.60000002
AB01_029,4033045.446,4440310.4210000001,3504162.1170000001,650535908.10000002
AB01_030,3524847.2179999999,3236458.2930000001,2835557.0329999998,688337141.5
AB01_031,6363763.3640000001,10714044.49,12416733.23,619191506
AB01_032,15938340.23,17143428.98,22776461.25,604594945.39999998
AB01_033,50760941.689999998,34876262.659999996,57628643.450000003,597034628
AB01_034,225158400.80000001,151074066.19999999,281900884.19999999,618461047.29999995
AB01_035,806579274.89999998,428643572.89999998,1123699147,600126154.10000002
AB01_036,181501.8463,493014.77480000001,608122.89899999998,674263973.5
AB01_037,355450.79979999998,253705.6502,401664.15720000002,701588631.39999998
AB01_038,684732.41929999995,224012.55679999999,967389.60629999998,687652371.70000005
AB01_039,352585.90059999999,131746.06140000001,130893.2007,688470827.10000002
AB01_040,163883.88,133145.86360000001,82174.026660000003,678817871.39999998
AB01_041,1984436.4210000001,4044446.8470000001,17282262.34,655820172.20000005
AB01_042,8666743.466,11018731.689999999,26761361.890000001,651876467.10000002
AB01_043,2118655.0839999998,2602082.787,14038141.039999999,645813148.60000002
AB01_044,3641228.1129999999,4828277.6260000002,15782636.039999999,640092373.10000002
AB01_045,1488640.1140000001,4612632.5700000003,13440116.58,647619392.20000005
AB01_046,1151592.952,1277769.3430000001,1691335.473,656565456.20000005
AB01_047,2808260.8280000002,6638474.6260000002,6877907.8470000001,654519820.89999998
AB01_048,6523295.8559999997,20096535.960000001,15586679.310000001,643940040.70000005
AB01_049,12479282.42,19622223.870000001,18941550.949999999,657119867.39999998
AB01_050,24929938.640000001,14932810.789999999,19414645.030000001,643851772.70000005
AB01_051,3793058.395,9003001.6140000001,9894086.9010000005,691784078.20000005
AB01_052,6937459.2479999997,26626421.32,27092828.170000002,665583508.79999995
AB01_053,11650772.66,39149620.219999999,45373218.359999999,678487883
AB01_054,9887716.1940000001,11452515.539999999,15576430.25,664271654.60000002
AB01_055,9146120.3829999994,8195056.3559999997,8835599.1060000006,648746823.10000002
AB01_056,9686261.8149999995,30791522.989999998,38766746.659999996,696188150.29999995
AB01_057,31773791.510000002,88709787.140000001,83084278.930000007,648604630.89999998
AB01_058,33705973.740000002,47178722.259999998,57469857.670000002,671218651.10000002
AB01_059,176128794.19999999,167899665.40000001,262844297.59999999,634366594.20000005
AB01_060,373877406.89999998,386050912.60000002,572057366.60000002,655505798.39999998
AB01_061,267835.38929999998,222485.0411,128108.65850000001,698827522.10000002
AB01_062,296104.76630000002,277073.96720000001,437853.59600000002,688724048.10000002
AB01_063,322341.80859999999,98586.230809999994,85167.435639999996,677171232.89999998
AB01_064,293542.45319999999,119225.5493,22340.012210000001,695436350.89999998
AB01_065,199854.6171,71765.559850000005,20781.588019999999,697407881.5
AB01_066,2162369.5929999999,5406821.8789999997,15308242.130000001,643329096
AB01_067,3359611.8139999998,4525222.0769999996,15656270.02,645843516.89999998
AB01_068,3212714.014,2900425.952,11991845.34,647742122.60000002
AB01_069,111710211.5,144011496.40000001,188156836.90000001,591818852.5
AB01_070,6121353.4630000005,8596775.9560000002,20616272.84,631597750.20000005
AB01_071,2146771.7560000001,1971017.29,3236437.5630000001,652893184.10000002
AB01_072,11498871.24,19086241.940000001,22512541.530000001,657427615.89999998
AB01_073,9729516.1809999999,19588400.469999999,17652621.370000001,673511025.29999995
AB01_074,26079879.640000001,19425983.510000002,23127594.050000001,664711487.79999995
AB01_075,22377089,10374764.52,16619515.380000001,655733209.60000002
AB01_076,5214797.4060000004,8524391.3809999991,11049317.109999999,663781324.60000002
AB01_077,9458899.2939999998,30006563.289999999,36387638.549999997,679113264.79999995
AB01_078,10662543.77,15412639.060000001,26556535.329999998,674811534.20000005
AB01_079,7994337.0010000002,8709723.3780000005,7750651.9029999999,673279038.79999995
AB01_080,3068132.696,3970998.4539999999,2801834.8289999999,665636067.29999995
AB01_081,3555085.0529999998,5262781.7850000001,5879189.1069999998,622720343.5
AB01_082,24119662.960000001,42171292.359999999,46244803.810000002,633099821.60000002
AB01_083,43196201.600000001,56526013.82,73099397.969999999,615745668.39999998
AB01_084,146670798.80000001,129881183.3,215344335.19999999,639739599.29999995
AB01_085,334050672.69999999,287299034,480779512.10000002,621834670.39999998
AB01_086,358519.58750000002,386056.18459999998,623533.81599999999,695204657.60000002
AB01_087,270992.54100000003,328271.04440000001,586713.93720000004,692785393.10000002
AB01_088,224365.1508,248573.3688,246274.4952,724053029.70000005
AB01_089,305129.03629999998,301025.29670000001,279808.58909999998,678977833.70000005
AB01_090,242905.30799999999,273088.7732,477152.10859999998,664158148.39999998
AB01_091,2292561.5699999998,5719422.9029999999,18598297.469999999,668510542.29999995
AB01_092,5602936.085,7292646.7130000005,24471783.18,627943716.70000005
AB01_093,2882643.2969999998,3809095.5099999998,18500035.91,608585862.79999995
AB01_094,2610257.7719999999,5208720.6040000003,16545966.65,623327730.20000005
AB01_095,2373902.8679999998,8647532,19172106.649999999,630388709.5
AB01_096,1561942.7879999999,4078168.3229999999,4611691.9809999997,645851665.39999998
AB01_097,4281857.6179999998,13404890.73,10648583.689999999,634156526.20000005
AB01_098,7136724.949,20442917.539999999,15481318.02,623363973.70000005
AB01_099,23946468.48,24743152.329999998,24912894.850000001,640479524.79999995
AB01_100,41084337.07,32991863.34,38349021.57,626112285.60000002
AB01_101,2757609.2379999999,16693950.25,19056218.920000002,711967689.5
AB01_102,30944491.899999999,98587308.069999993,153405040.09999999,701327933.60000002
AB01_103,30563039.420000002,64425801.920000002,127343871.8,694867860.39999998
AB01_104,64814480.149999999,46771523.560000002,185178966.19999999,693562690.89999998
AB01_105,93732471.840000004,52235711.530000001,227026008.09999999,672603547.5
AB01_106,3329304.3560000001,5836358.1270000003,6687329.4220000003,618237627
AB01_107,80354488.920000002,115617135.59999999,154329739.80000001,619707422.5
AB01_108,100484544.2,111595841.5,167837663.90000001,621311700.20000005
AB01_109,283260565.30000001,292679094,482774949.69999999,638664532
AB01_110,761934748,633672240.70000005,1259175718,618478978.79999995
AB01_111,385830.31170000002,1491391.683,1479624.568,711832550.60000002
AB01_112,1231322.7,4090998.8100000001,6204380.1490000002,705619372.20000005
AB01_113,1448341.1129999999,3696198.7990000001,6310206.7419999996,720249630.60000002
AB01_114,3065732.9029999999,2769789.054,8213291.3820000002,722324285.70000005
AB01_115,2235934.8160000001,1634265.541,5522764.7879999997,686188619.20000005
AB01_116,4763999.75,20103735.870000001,20537082.129999999,647559012.70000005
AB01_117,19866547.91,13736527.439999999,40717842,633463511.29999995
AB01_118,5379411.6739999996,12544853.93,7765170.4249999998,632479456.60000002
AB01_119,4781568.159,2913856.8810000001,6230834.3540000003,643061282.79999995
AB01_120,5224051.7620000001,8293896.2759999996,6468946.7580000004,625753808.39999998
AB01_121,9835221.5999999996,7799516.6100000003,12435690.34,630358664.20000005
AB01_122,7392940.4479999999,11022160.49,17141803.390000001,643896252.70000005
AB01_123,25129002.030000001,27056174.300000001,62121395.170000002,632759430.89999998
AB01_124,36258110.280000001,31583873.399999999,64451153.340000004,645923443
AB01_125,49160788.5,46686331.530000001,113851685,647842531.20000005
AB01_126,4177977.8859999999,27532518.280000001,28659411.34,690958282.39999998
AB01_127,25581592.550000001,88472453.25,113067229.7,670131764.79999995
AB01_128,53977817.340000004,142434512.19999999,226295508.30000001,673669727
AB01_129,146779620.30000001,267410150.5,486288045.5,701399327.79999995
AB01_130,174244445.90000001,106638332.90000001,406737179.30000001,678082894
AB01_131,6099676.7019999996,5036619.2429999998,6698933.75,555524648
AB01_132,88163032.049999997,77351149.489999995,109807877.3,561962615.79999995
AB01_133,91096888.159999996,76517891.939999998,111620121.3,554975709.5
AB01_134,214020460.30000001,117218883.7,216907262.5,536949833.20000005
AB01_135,332637099.89999998,162279068.40000001,271348464.89999998,544455309.29999995
AB01_136,380981.09100000001,1303135.4979999999,1238740.0419999999,718626837.89999998
AB01_137,637034.70589999994,3072329.199,3602814.307,695029876.29999995
AB01_138,1120680.9639999999,3199009.4139999999,4757573.21,694580024.39999998
AB01_139,2277391.5529999998,2321739.324,6245796.392,685532842.5
AB01_140,1734034.5319999999,1335448.9280000001,3886715.8909999998,715686219.89999998
AB01_141,5639694.642,6895262.5880000005,10372131.84,656943191.29999995
AB01_142,22554457.690000001,28211351.850000001,49698392.329999998,635575845.60000002
AB01_143,17858044.100000001,10283896.91,23070053.41,615996297.89999998
AB01_144,8056955.5460000001,6357948.7180000003,8016342.8770000003,613300417.39999998
AB01_145,6444477.943,12395204.640000001,7623460.2980000004,598928485.79999995
AB01_146,18799313.59,8702455.5830000006,17506453.219999999,576543867.89999998
AB01_147,18255424.48,33298307.530000001,46047412.189999998,616654532.10000002
AB01_148,15704806.33,29403181.170000002,42249457.289999999,620831676.79999995
AB01_149,45296145.079999998,72390229.140000001,122831060.09999999,651659116.60000002
AB01_150,71157320,121644404.8,195059046.40000001,653218833
AB01_151,3410761.9399999999,18110499.48,24001081.739999998,677899876.20000005
AB01_152,18957661.899999999,73937775.489999995,101576917.5,667323303.39999998
AB01_153,41229608.049999997,121087356.3,189145386,675128063.10000002
AB01_154,96847372.810000002,115915211.90000001,301417202.10000002,664329654
AB01_155,176475873.59999999,186460553.69999999,526261550.5,699742649.70000005
AB01_156,5000496.8380000005,4858494.5180000002,6159662.5060000001,561961732.39999998
AB01_157,50053927.810000002,35406402.299999997,52540811.799999997,546019280.89999998
AB01_158,143728047.69999999,135439896,197240816.5,577622541.39999998
AB01_159,243640016.90000001,129246118.09999999,240610229.59999999,560809662.10000002
AB01_160,448247291.80000001,192720093.59999999,387899346.5,538125231.60000002
AB01_161,546486.74399999995,1249871.7620000001,1876155.1910000001,713083126.60000002
AB01_162,1520252.3659999999,5802800.909,6809827.1169999996,751259752.20000005
AB01_163,957797.01009999996,3206526.6699999999,4416034.0630000001,700021953.70000005
AB01_164,2322848.9700000002,3519209.2409999999,8026047.1739999996,696230456.10000002
AB01_165,2862977.1359999999,2010920.0379999999,6340710.9519999996,695469550.89999998
AB01_166,3337816.1839999999,11066824,11122103.369999999,662460817.20000005
AB01_167,14765547.75,31173736.27,51508567.609999999,643097357.79999995
AB01_168,11849252.1,10216009.01,18986762.09,627850642
AB01_169,7525925.0010000002,11291083.359999999,8967432.7200000007,632519855.39999998
AB01_170,29382038.579999998,21315258.84,31226999.43,675839831.39999998
AB01_171,2922090.0049999999,5635904.3899999997,7035972.2220000001,636175578.89999998
AB01_172,9506134.1370000001,25420658.43,30297563.75,627570715
AB01_173,18401781.57,42953816.960000001,54695150.450000003,621514868.89999998
AB01_174,28556647.73,80241409.400000006,106163796.59999999,649876421.70000005
AB01_175,69533371.260000005,98852080.519999996,173518977.09999999,604053055.60000002
AB01_176,3757186.5440000002,29779694.920000002,27811160.16,706938849.5
AB01_177,43499910.479999997,225089208.69999999,269321685.39999998,718807131.79999995
AB01_178,40306514.159999996,198973116.19999999,243760397.19999999,715823263.5
AB01_179,132768776,152260279.90000001,384642110.80000001,725004656.70000005
AB01_180,215598860.09999999,242168425.80000001,627198007.89999998,697855542.39999998
AB01_181,12529062.99,13591718.300000001,21271800.140000001,653633246.89999998
AB01_182,13970265.689999999,15105195.189999999,20286177.440000001,652189384
AB01_183,72763053.5,58063093.310000002,95688586.980000004,647020700.10000002
AB01_184,240848333.09999999,124953060.09999999,233523923,653250562.60000002
AB01_185,302064863,145508306.30000001,270793011.80000001,629362860.29999995
AB01_186,767289.22499999998,3844223.273,4455111.8779999996,716695404.79999995
AB01_187,674263.94519999996,2871865.3339999998,3840054.3709999998,728422185.5
AB01_188,1616139.5819999999,3147930.9029999999,5214027.0319999997,693131483.60000002
AB01_189,2632665.2039999999,2397886.517,6364356.0609999998,724397267
AB01_190,6502568.2920000004,3315488.7540000002,9666733.3289999999,708730621.29999995
AB01_191,5406700.5870000003,19825701.84,20731465.32,727591857.89999998
AB01_192,18726878.77,18243546.73,35944397.409999996,672416232.10000002
AB01_193,19813201.379999999,11851637.779999999,31641501.68,645887318.10000002
AB01_194,18805959.43,9127454.3049999997,20880292.059999999,647727748.10000002
AB01_195,4614352.4630000005,18282490.59,6541471.2850000001,704566728
AB01_196,2728473.9389999998,2788604.1919999998,4135253.8620000002,663346911.60000002
AB01_197,8260638.1380000003,22486879.550000001,29266760.629999999,679354370.89999998
AB01_198,14977622.73,39628068.990000002,50746033.030000001,684036672.60000002
AB01_199,40540308.399999999,121542712,138794286.80000001,676986593.10000002
AB01_200,92023473.670000002,113733383.7,229625839.5,665392569.10000002
