Bracket Type=4,,,,,,,,,,,,,,,,,,,,,,
File Name,Path,Instrument Method,Position,Inj Vol,,,,,,,,,,,,,,,,,,
MSJ01_HG_Blank_0,D:\Data\2024_Projects_E240\20241008_Maria_MSJ01_pHILIC_E240,D:\Methods\pHILIC\pHILIC_fullscan_PS_E240,R:A1,2,,,,,,,,,,,,,,,,,,
MSJ01_QC_SSTMix_1,D:\Data\2024_Projects_E240\20241008_Maria_MSJ01_pHILIC_E240,D:\Methods\pHILIC\pHILIC_fullscan_PS_E240,R:A2,0.05,,,,,,,,,,,,,,,,,,
MSJ01_HG_Blank_1,D:\Data\2024_Projects_E240\20241008_Maria_MSJ01_pHILIC_E240,D:\Methods\pHILIC\pHILIC_fullscan_PS_E240,R:A1,2,,,,,,,,,,,,,,,,,,
MSJ01_HG_PoolA0,D:\Data\2024_Projects_E240\20241008_Maria_MSJ01_pHILIC_E240,D:\Methods\pHILIC\pHILIC_fullscan_PS_E240,R:A3,5,,,,,,,,,,,,,,,,,,
MSJ01_HG_PoolA1,D:\Data\2024_Projects_E240\20241008_Maria_MSJ01_pHILIC_E240,D:\Methods\pHILIC\pHILIC_fullscan_PS_E240,R:A3,5,,,,,,,,,,,,,,,,,,
MSJ01_HG_PoolA2,D:\Data\2024_Projects_E240\20241008_Maria_MSJ01_pHILIC_E240,D:\Methods\pHILIC\pHILIC_fullscan_PS_E240,R:A3,5,,,,,,,,,,,,,,,,,,
MSJ01_HG_PoolA3,D:\Data\2024_Projects_E240\20241008_Maria_MSJ01_pHILIC_E240,D:\Methods\pHILIC\pHILIC_fullscan_PS_E240,R:A3,5,,,,,,,,,,,,,,,,,,
MSJ01_HG_PoolA4,D:\Data\2024_Projects_E240\20241008_Maria_MSJ01_pHILIC_E240,D:\Methods\pHILIC\pHILIC_fullscan_PS_E240,R:A3,5,,,,,,,,,,,,,,,,,,
MSJ01_HG_PoolA5,D:\Data\2024_Projects_E240\20241008_Maria_MSJ01_pHILIC_E240,D:\Methods\pHILIC\pHILIC_fullscan_PS_E240,R:A3,5,,,,,,,,,,,,,,,,,,
MSJ01_HG_Blank_2,D:\Data\2024_Projects_E240\20241008_Maria_MSJ01_pHILIC_E240,D:\Methods\pHILIC\pHILIC_fullscan_PS_E240,R:A1,2,,,,,,,,,,,,,,,,,,
MSJ01_HG_010_b,D:\Data\2024_Projects_E240\20241008_Maria_MSJ01_pHILIC_E240,D:\Methods\pHILIC\pHILIC_fullscan_PS_E240,G:B4,5,,,,,,,,,,,,,,,,,,
MSJ01_HG_019_b,D:\Data\2024_Projects_E240\20241008_Maria_MSJ01_pHILIC_E240,D:\Methods\pHILIC\pHILIC_fullscan_PS_E240,G:C5,5,,,,,,,,,,,,,,,,,,
MSJ01_HG_003,D:\Data\2024_Projects_E240\20241008_Maria_MSJ01_pHILIC_E240,D:\Methods\pHILIC\pHILIC_fullscan_PS_E240,G:A3,5,,,,,,,,,,,,,,,,,,
MSJ01_HG_008_b,D:\Data\2024_Projects_E240\20241008_Maria_MSJ01_pHILIC_E240,D:\Methods\pHILIC\pHILIC_fullscan_PS_E240,G:B1,5,,,,,,,,,,,,,,,,,,
MSJ01_HG_014,D:\Data\2024_Projects_E240\20241008_Maria_MSJ01_pHILIC_E240,D:\Methods\pHILIC\pHILIC_fullscan_PS_E240,G:B9,5,,,,,,,,,,,,,,,,,,
MSJ01_HG_002_b,D:\Data\2024_Projects_E240\20241008_Maria_MSJ01_pHILIC_E240,D:\Methods\pHILIC\pHILIC_fullscan_PS_E240,G:A2,5,,,,,,,,,,,,,,,,,,
MSJ01_HG_PoolA6,D:\Data\2024_Projects_E240\20241008_Maria_MSJ01_pHILIC_E240,D:\Methods\pHILIC\pHILIC_fullscan_PS_E240,R:A3,5,,,,,,,,,,,,,,,,,,
MSJ01_HG_Blank_3,D:\Data\2024_Projects_E240\20241008_Maria_MSJ01_pHILIC_E240,D:\Methods\pHILIC\pHILIC_fullscan_PS_E240,R:A1,2,,,,,,,,,,,,,,,,,,
MSJ01_HG_007,D:\Data\2024_Projects_E240\20241008_Maria_MSJ01_pHILIC_E240,D:\Methods\pHILIC\pHILIC_fullscan_PS_E240,G:A8,5,,,,,,,,,,,,,,,,,,
MSJ01_HG_016_b,D:\Data\2024_Projects_E240\20241008_Maria_MSJ01_pHILIC_E240,D:\Methods\pHILIC\pHILIC_fullscan_PS_E240,G:C2,5,,,,,,,,,,,,,,,,,,
MSJ01_HG_001_b,D:\Data\2024_Projects_E240\20241008_Maria_MSJ01_pHILIC_E240,D:\Methods\pHILIC\pHILIC_fullscan_PS_E240,G:A1,5,,,,,,,,,,,,,,,,,,
MSJ01_HG_013,D:\Data\2024_Projects_E240\20241008_Maria_MSJ01_pHILIC_E240,D:\Methods\pHILIC\pHILIC_fullscan_PS_E240,G:B7,5,,,,,,,,,,,,,,,,,,
MSJ01_HG_018_b,D:\Data\2024_Projects_E240\20241008_Maria_MSJ01_pHILIC_E240,D:\Methods\pHILIC\pHILIC_fullscan_PS_E240,G:C4,5,,,,,,,,,,,,,,,,,,
MSJ01_HG_006_b,D:\Data\2024_Projects_E240\20241008_Maria_MSJ01_pHILIC_E240,D:\Methods\pHILIC\pHILIC_fullscan_PS_E240,G:A7,5,,,,,,,,,,,,,,,,,,
MSJ01_HG_PoolA7,D:\Data\2024_Projects_E240\20241008_Maria_MSJ01_pHILIC_E240,D:\Methods\pHILIC\pHILIC_fullscan_PS_E240,R:A3,5,,,,,,,,,,,,,,,,,,
MSJ01_HG_Blank_4,D:\Data\2024_Projects_E240\20241008_Maria_MSJ01_pHILIC_E240,D:\Methods\pHILIC\pHILIC_fullscan_PS_E240,R:A1,2,,,,,,,,,,,,,,,,,,
MSJ01_HG_014_b,D:\Data\2024_Projects_E240\20241008_Maria_MSJ01_pHILIC_E240,D:\Methods\pHILIC\pHILIC_fullscan_PS_E240,G:C1,5,,,,,,,,,,,,,,,,,,
MSJ01_HG_012_b,D:\Data\2024_Projects_E240\20241008_Maria_MSJ01_pHILIC_E240,D:\Methods\pHILIC\pHILIC_fullscan_PS_E240,G:B6,5,,,,,,,,,,,,,,,,,,
MSJ01_HG_006,D:\Data\2024_Projects_E240\20241008_Maria_MSJ01_pHILIC_E240,D:\Methods\pHILIC\pHILIC_fullscan_PS_E240,G:A6,5,,,,,,,,,,,,,,,,,,
MSJ01_HG_009,D:\Data\2024_Projects_E240\20241008_Maria_MSJ01_pHILIC_E240,D:\Methods\pHILIC\pHILIC_fullscan_PS_E240,G:B2,5,,,,,,,,,,,,,,,,,,
MSJ01_HG_007_b,D:\Data\2024_Projects_E240\20241008_Maria_MSJ01_pHILIC_E240,D:\Methods\pHILIC\pHILIC_fullscan_PS_E240,G:A9,5,,,,,,,,,,,,,,,,,,
MSJ01_HG_003_b,D:\Data\2024_Projects_E240\20241008_Maria_MSJ01_pHILIC_E240,D:\Methods\pHILIC\pHILIC_fullscan_PS_E240,G:A4,5,,,,,,,,,,,,,,,,,,
MSJ01_HG_PoolA8,D:\Data\2024_Projects_E240\20241008_Maria_MSJ01_pHILIC_E240,D:\Methods\pHILIC\pHILIC_fullscan_PS_E240,R:A3,5,,,,,,,,,,,,,,,,,,
MSJ01_HG_Blank_5,D:\Data\2024_Projects_E240\20241008_Maria_MSJ01_pHILIC_E240,D:\Methods\pHILIC\pHILIC_fullscan_PS_E240,R:A1,2,,,,,,,,,,,,,,,,,,
MSJ01_HG_010,D:\Data\2024_Projects_E240\20241008_Maria_MSJ01_pHILIC_E240,D:\Methods\pHILIC\pHILIC_fullscan_PS_E240,G:B3,5,,,,,,,,,,,,,,,,,,
MSJ01_HG_013_b,D:\Data\2024_Projects_E240\20241008_Maria_MSJ01_pHILIC_E240,D:\Methods\pHILIC\pHILIC_fullscan_PS_E240,G:B8,5,,,,,,,,,,,,,,,,,,
MSJ01_HG_017_b,D:\Data\2024_Projects_E240\20241008_Maria_MSJ01_pHILIC_E240,D:\Methods\pHILIC\pHILIC_fullscan_PS_E240,G:C3,5,,,,,,,,,,,,,,,,,,
MSJ01_HG_011_b,D:\Data\2024_Projects_E240\20241008_Maria_MSJ01_pHILIC_E240,D:\Methods\pHILIC\pHILIC_fullscan_PS_E240,G:B5,5,,,,,,,,,,,,,,,,,,
MSJ01_HG_004_b,D:\Data\2024_Projects_E240\20241008_Maria_MSJ01_pHILIC_E240,D:\Methods\pHILIC\pHILIC_fullscan_PS_E240,G:A5,5,,,,,,,,,,,,,,,,,,
MSJ01_HG_PoolA9,D:\Data\2024_Projects_E240\20241008_Maria_MSJ01_pHILIC_E240,D:\Methods\pHILIC\pHILIC_fullscan_PS_E240,R:A3,5,,,,,,,,,,,,,,,,,,
MSJ01_HG_Blank_6,D:\Data\2024_Projects_E240\20241008_Maria_MSJ01_pHILIC_E240,D:\Methods\pHILIC\pHILIC_fullscan_PS_E240,R:A1,2,,,,,,,,,,,,,,,,,,
MSJ01_HG_AfterAX_Blank_0,D:\Data\2024_Projects_E240\20241008_Maria_MSJ01_pHILIC_E240,D:\Methods\pHILIC\pHILIC_fullscan_PS_E240,R:A1,2,,,,,,,,,,,,,,,,,,
MSJ01_HG_AfterAX_Blank_1,D:\Data\2024_Projects_E240\20241008_Maria_MSJ01_pHILIC_E240,D:\Methods\pHILIC\pHILIC_fullscan_PS_E240,R:A1,2,,,,,,,,,,,,,,,,,,
MSJ01_HG_AfterAX_Blank_2,D:\Data\2024_Projects_E240\20241008_Maria_MSJ01_pHILIC_E240,D:\Methods\pHILIC\pHILIC_fullscan_PS_E240,R:A1,2,,,,,,,,,,,,,,,,,,
MSJ01_MM_Blank_0,D:\Data\2024_Projects_E240\20241008_Maria_MSJ01_pHILIC_E240,D:\Methods\pHILIC\pHILIC_fullscan_PS_E240,R:A1,2,,,,,,,,,,,,,,,,,,
MSJ01_MM_PoolB0,D:\Data\2024_Projects_E240\20241008_Maria_MSJ01_pHILIC_E240,D:\Methods\pHILIC\pHILIC_fullscan_PS_E240,R:A4,5,,,,,,,,,,,,,,,,,,
MSJ01_MM_PoolB1,D:\Data\2024_Projects_E240\20241008_Maria_MSJ01_pHILIC_E240,D:\Methods\pHILIC\pHILIC_fullscan_PS_E240,R:A4,5,,,,,,,,,,,,,,,,,,
MSJ01_MM_PoolB2,D:\Data\2024_Projects_E240\20241008_Maria_MSJ01_pHILIC_E240,D:\Methods\pHILIC\pHILIC_fullscan_PS_E240,R:A4,5,,,,,,,,,,,,,,,,,,
MSJ01_MM_PoolB3,D:\Data\2024_Projects_E240\20241008_Maria_MSJ01_pHILIC_E240,D:\Methods\pHILIC\pHILIC_fullscan_PS_E240,R:A4,5,,,,,,,,,,,,,,,,,,
MSJ01_MM_PoolB4,D:\Data\2024_Projects_E240\20241008_Maria_MSJ01_pHILIC_E240,D:\Methods\pHILIC\pHILIC_fullscan_PS_E240,R:A4,5,,,,,,,,,,,,,,,,,,
MSJ01_MM_PoolB5,D:\Data\2024_Projects_E240\20241008_Maria_MSJ01_pHILIC_E240,D:\Methods\pHILIC\pHILIC_fullscan_PS_E240,R:A4,5,,,,,,,,,,,,,,,,,,
MSJ01_MM_Blank_1,D:\Data\2024_Projects_E240\20241008_Maria_MSJ01_pHILIC_E240,D:\Methods\pHILIC\pHILIC_fullscan_PS_E240,R:A1,2,,,,,,,,,,,,,,,,,,
MSJ01_MM_058_b,D:\Data\2024_Projects_E240\20241008_Maria_MSJ01_pHILIC_E240,D:\Methods\pHILIC\pHILIC_fullscan_PS_E240,B:A5,5,,,,,,,,,,,,,,,,,,
MSJ01_MM_055,D:\Data\2024_Projects_E240\20241008_Maria_MSJ01_pHILIC_E240,D:\Methods\pHILIC\pHILIC_fullscan_PS_E240,B:A2,5,,,,,,,,,,,,,,,,,,
MSJ01_MM_039,D:\Data\2024_Projects_E240\20241008_Maria_MSJ01_pHILIC_E240,D:\Methods\pHILIC\pHILIC_fullscan_PS_E240,G:E6,5,,,,,,,,,,,,,,,,,,
MSJ01_MM_032,D:\Data\2024_Projects_E240\20241008_Maria_MSJ01_pHILIC_E240,D:\Methods\pHILIC\pHILIC_fullscan_PS_E240,G:D7,5,,,,,,,,,,,,,,,,,,
MSJ01_MM_034,D:\Data\2024_Projects_E240\20241008_Maria_MSJ01_pHILIC_E240,D:\Methods\pHILIC\pHILIC_fullscan_PS_E240,G:D9,5,,,,,,,,,,,,,,,,,,
MSJ01_MM_043_b,D:\Data\2024_Projects_E240\20241008_Maria_MSJ01_pHILIC_E240,D:\Methods\pHILIC\pHILIC_fullscan_PS_E240,G:F1,5,,,,,,,,,,,,,,,,,,
MSJ01_MM_031_b,D:\Data\2024_Projects_E240\20241008_Maria_MSJ01_pHILIC_E240,D:\Methods\pHILIC\pHILIC_fullscan_PS_E240,G:D6,5,,,,,,,,,,,,,,,,,,
MSJ01_MM_040,D:\Data\2024_Projects_E240\20241008_Maria_MSJ01_pHILIC_E240,D:\Methods\pHILIC\pHILIC_fullscan_PS_E240,G:E7,5,,,,,,,,,,,,,,,,,,
MSJ01_MM_PoolB6,D:\Data\2024_Projects_E240\20241008_Maria_MSJ01_pHILIC_E240,D:\Methods\pHILIC\pHILIC_fullscan_PS_E240,R:A4,5,,,,,,,,,,,,,,,,,,
MSJ01_MM_Blank_2,D:\Data\2024_Projects_E240\20241008_Maria_MSJ01_pHILIC_E240,D:\Methods\pHILIC\pHILIC_fullscan_PS_E240,R:A1,2,,,,,,,,,,,,,,,,,,
MSJ01_MM_041,D:\Data\2024_Projects_E240\20241008_Maria_MSJ01_pHILIC_E240,D:\Methods\pHILIC\pHILIC_fullscan_PS_E240,G:E8,5,,,,,,,,,,,,,,,,,,
MSJ01_MM_047,D:\Data\2024_Projects_E240\20241008_Maria_MSJ01_pHILIC_E240,D:\Methods\pHILIC\pHILIC_fullscan_PS_E240,G:F5,5,,,,,,,,,,,,,,,,,,
MSJ01_MM_044,D:\Data\2024_Projects_E240\20241008_Maria_MSJ01_pHILIC_E240,D:\Methods\pHILIC\pHILIC_fullscan_PS_E240,G:F2,5,,,,,,,,,,,,,,,,,,
MSJ01_MM_025_b,D:\Data\2024_Projects_E240\20241008_Maria_MSJ01_pHILIC_E240,D:\Methods\pHILIC\pHILIC_fullscan_PS_E240,G:D1,5,,,,,,,,,,,,,,,,,,
MSJ01_MM_027_b,D:\Data\2024_Projects_E240\20241008_Maria_MSJ01_pHILIC_E240,D:\Methods\pHILIC\pHILIC_fullscan_PS_E240,G:D3,5,,,,,,,,,,,,,,,,,,
MSJ01_MM_045,D:\Data\2024_Projects_E240\20241008_Maria_MSJ01_pHILIC_E240,D:\Methods\pHILIC\pHILIC_fullscan_PS_E240,G:F4,5,,,,,,,,,,,,,,,,,,
MSJ01_MM_022,D:\Data\2024_Projects_E240\20241008_Maria_MSJ01_pHILIC_E240,D:\Methods\pHILIC\pHILIC_fullscan_PS_E240,G:C7,5,,,,,,,,,,,,,,,,,,
MSJ01_MM_035,D:\Data\2024_Projects_E240\20241008_Maria_MSJ01_pHILIC_E240,D:\Methods\pHILIC\pHILIC_fullscan_PS_E240,G:E1,5,,,,,,,,,,,,,,,,,,
MSJ01_MM_PoolB7,D:\Data\2024_Projects_E240\20241008_Maria_MSJ01_pHILIC_E240,D:\Methods\pHILIC\pHILIC_fullscan_PS_E240,R:A4,5,,,,,,,,,,,,,,,,,,
MSJ01_MM_Blank_3,D:\Data\2024_Projects_E240\20241008_Maria_MSJ01_pHILIC_E240,D:\Methods\pHILIC\pHILIC_fullscan_PS_E240,R:A1,2,,,,,,,,,,,,,,,,,,
MSJ01_MM_056_b,D:\Data\2024_Projects_E240\20241008_Maria_MSJ01_pHILIC_E240,D:\Methods\pHILIC\pHILIC_fullscan_PS_E240,B:A3,5,,,,,,,,,,,,,,,,,,
MSJ01_MM_038,D:\Data\2024_Projects_E240\20241008_Maria_MSJ01_pHILIC_E240,D:\Methods\pHILIC\pHILIC_fullscan_PS_E240,G:E4,5,,,,,,,,,,,,,,,,,,
MSJ01_MM_026_b,D:\Data\2024_Projects_E240\20241008_Maria_MSJ01_pHILIC_E240,D:\Methods\pHILIC\pHILIC_fullscan_PS_E240,G:D2,5,,,,,,,,,,,,,,,,,,
MSJ01_MM_059_b,D:\Data\2024_Projects_E240\20241008_Maria_MSJ01_pHILIC_E240,D:\Methods\pHILIC\pHILIC_fullscan_PS_E240,B:A7,5,,,,,,,,,,,,,,,,,,
MSJ01_MM_038_b,D:\Data\2024_Projects_E240\20241008_Maria_MSJ01_pHILIC_E240,D:\Methods\pHILIC\pHILIC_fullscan_PS_E240,G:E5,5,,,,,,,,,,,,,,,,,,
MSJ01_MM_053,D:\Data\2024_Projects_E240\20241008_Maria_MSJ01_pHILIC_E240,D:\Methods\pHILIC\pHILIC_fullscan_PS_E240,G:F9,5,,,,,,,,,,,,,,,,,,
MSJ01_MM_049,D:\Data\2024_Projects_E240\20241008_Maria_MSJ01_pHILIC_E240,D:\Methods\pHILIC\pHILIC_fullscan_PS_E240,G:F6,5,,,,,,,,,,,,,,,,,,
MSJ01_MM_023_b,D:\Data\2024_Projects_E240\20241008_Maria_MSJ01_pHILIC_E240,D:\Methods\pHILIC\pHILIC_fullscan_PS_E240,G:C8,5,,,,,,,,,,,,,,,,,,
MSJ01_MM_PoolB8,D:\Data\2024_Projects_E240\20241008_Maria_MSJ01_pHILIC_E240,D:\Methods\pHILIC\pHILIC_fullscan_PS_E240,R:A4,5,,,,,,,,,,,,,,,,,,
MSJ01_MM_Blank_4,D:\Data\2024_Projects_E240\20241008_Maria_MSJ01_pHILIC_E240,D:\Methods\pHILIC\pHILIC_fullscan_PS_E240,R:A1,2,,,,,,,,,,,,,,,,,,
MSJ01_MM_051,D:\Data\2024_Projects_E240\20241008_Maria_MSJ01_pHILIC_E240,D:\Methods\pHILIC\pHILIC_fullscan_PS_E240,G:F8,5,,,,,,,,,,,,,,,,,,
MSJ01_MM_029,D:\Data\2024_Projects_E240\20241008_Maria_MSJ01_pHILIC_E240,D:\Methods\pHILIC\pHILIC_fullscan_PS_E240,G:D5,5,,,,,,,,,,,,,,,,,,
MSJ01_MM_037,D:\Data\2024_Projects_E240\20241008_Maria_MSJ01_pHILIC_E240,D:\Methods\pHILIC\pHILIC_fullscan_PS_E240,G:E2,5,,,,,,,,,,,,,,,,,,
MSJ01_MM_024_b,D:\Data\2024_Projects_E240\20241008_Maria_MSJ01_pHILIC_E240,D:\Methods\pHILIC\pHILIC_fullscan_PS_E240,G:C9,5,,,,,,,,,,,,,,,,,,
MSJ01_MM_037_b,D:\Data\2024_Projects_E240\20241008_Maria_MSJ01_pHILIC_E240,D:\Methods\pHILIC\pHILIC_fullscan_PS_E240,G:E3,5,,,,,,,,,,,,,,,,,,
MSJ01_MM_050,D:\Data\2024_Projects_E240\20241008_Maria_MSJ01_pHILIC_E240,D:\Methods\pHILIC\pHILIC_fullscan_PS_E240,G:F7,5,,,,,,,,,,,,,,,,,,
MSJ01_MM_054_b,D:\Data\2024_Projects_E240\20241008_Maria_MSJ01_pHILIC_E240,D:\Methods\pHILIC\pHILIC_fullscan_PS_E240,B:A1,5,,,,,,,,,,,,,,,,,,
MSJ01_MM_043,D:\Data\2024_Projects_E240\20241008_Maria_MSJ01_pHILIC_E240,D:\Methods\pHILIC\pHILIC_fullscan_PS_E240,G:E9,5,,,,,,,,,,,,,,,,,,
MSJ01_MM_PoolB9,D:\Data\2024_Projects_E240\20241008_Maria_MSJ01_pHILIC_E240,D:\Methods\pHILIC\pHILIC_fullscan_PS_E240,R:A4,5,,,,,,,,,,,,,,,,,,
MSJ01_MM_Blank_5,D:\Data\2024_Projects_E240\20241008_Maria_MSJ01_pHILIC_E240,D:\Methods\pHILIC\pHILIC_fullscan_PS_E240,R:A1,2,,,,,,,,,,,,,,,,,,
MSJ01_MM_057,D:\Data\2024_Projects_E240\20241008_Maria_MSJ01_pHILIC_E240,D:\Methods\pHILIC\pHILIC_fullscan_PS_E240,B:A4,5,,,,,,,,,,,,,,,,,,
MSJ01_MM_044_b,D:\Data\2024_Projects_E240\20241008_Maria_MSJ01_pHILIC_E240,D:\Methods\pHILIC\pHILIC_fullscan_PS_E240,G:F3,5,,,,,,,,,,,,,,,,,,
MSJ01_MM_028_b,D:\Data\2024_Projects_E240\20241008_Maria_MSJ01_pHILIC_E240,D:\Methods\pHILIC\pHILIC_fullscan_PS_E240,G:D4,5,,,,,,,,,,,,,,,,,,
MSJ01_MM_059,D:\Data\2024_Projects_E240\20241008_Maria_MSJ01_pHILIC_E240,D:\Methods\pHILIC\pHILIC_fullscan_PS_E240,B:A6,5,,,,,,,,,,,,,,,,,,
MSJ01_MM_021_b,D:\Data\2024_Projects_E240\20241008_Maria_MSJ01_pHILIC_E240,D:\Methods\pHILIC\pHILIC_fullscan_PS_E240,G:C6,5,,,,,,,,,,,,,,,,,,
MSJ01_MM_033_b,D:\Data\2024_Projects_E240\20241008_Maria_MSJ01_pHILIC_E240,D:\Methods\pHILIC\pHILIC_fullscan_PS_E240,G:D8,5,,,,,,,,,,,,,,,,,,
MSJ01_MM_PoolB10,D:\Data\2024_Projects_E240\20241008_Maria_MSJ01_pHILIC_E240,D:\Methods\pHILIC\pHILIC_fullscan_PS_E240,R:A4,5,,,,,,,,,,,,,,,,,,
MSJ01_MM_Blank_6,D:\Data\2024_Projects_E240\20241008_Maria_MSJ01_pHILIC_E240,D:\Methods\pHILIC\pHILIC_fullscan_PS_E240,R:A1,2,,,,,,,,,,,,,,,,,,
MSJ01_MM_AfterAX_Blank_0,D:\Data\2024_Projects_E240\20241008_Maria_MSJ01_pHILIC_E240,D:\Methods\pHILIC\pHILIC_fullscan_PS_E240,R:A1,2,,,,,,,,,,,,,,,,,,
MSJ01_MM_AfterAX_Blank_1,D:\Data\2024_Projects_E240\20241008_Maria_MSJ01_pHILIC_E240,D:\Methods\pHILIC\pHILIC_fullscan_PS_E240,R:A1,2,,,,,,,,,,,,,,,,,,
MSJ01_MM_AfterAX_Blank_2,D:\Data\2024_Projects_E240\20241008_Maria_MSJ01_pHILIC_E240,D:\Methods\pHILIC\pHILIC_fullscan_PS_E240,R:A1,2,,,,,,,,,,,,,,,,,,
